{"accuracy": 97.22, "roc_auc": 97.64, "feature_importance": {"gender_enc": 0.001412441915407844, "age": 0.02587498566038791, "hypertension": 0.004839235235287284, "heart_disease": 0.0025932643018891587, "smoking_enc": 0.003383379932479243, "bmi": 0.028837321715906604, "HbA1c_level": 0.6182224740215813, "blood_glucose_level": 0.3148368972170608}, "class_distribution": {"0": 18292, "1": 1708}, "correlation": {"gender_enc": 0.046, "age": 0.2575, "hypertension": 0.2048, "heart_disease": 0.1593, "smoking_enc": 0.0921, "bmi": 0.2209, "HbA1c_level": 0.3956, "blood_glucose_level": 0.4183}, "features": ["gender_enc", "age", "hypertension", "heart_disease", "smoking_enc", "bmi", "HbA1c_level", "blood_glucose_level"], "n_samples": 100000, "gender_classes": ["Female", "Male", "Other"], "smoking_classes": ["No Info", "current", "ever", "former", "never", "not current"], "report": {"0": {"precision": 0.9725552891020517, "recall": 0.9978130125751777, "f1-score": 0.9850222642018621, "support": 3658.0}, "1": {"precision": 0.9676113360323887, "recall": 0.6988304093567251, "f1-score": 0.8115449915110357, "support": 342.0}, "accuracy": 0.97225, "macro avg": {"precision": 0.9700833125672201, "recall": 0.8483217109659514, "f1-score": 0.8982836278564489, "support": 4000.0}, "weighted avg": {"precision": 0.9721325811145956, "recall": 0.97225, "f1-score": 0.9701899573867965, "support": 4000.0}}}