{"accuracy": 84.15, "roc_auc": 67.21, "feature_importance": {"male": 0.02128025882880328, "age": 0.16305106530318683, "currentSmoker": 0.0018343168396396253, "cigsPerDay": 0.04507444259074716, "BPMeds": 0.011155444208557004, "prevalentStroke": 0.002133815041144719, "prevalentHyp": 0.008516201589439547, "diabetes": 0.0037684936636726836, "totChol": 0.10945294969995788, "sysBP": 0.1721394012225006, "diaBP": 0.11713681595854725, "BMI": 0.1373644214158845, "heartRate": 0.07699562061056124, "glucose": 0.1300967530273576}, "class_distribution": {"0": 3099, "1": 557}, "correlation": {"male": 0.0917, "age": 0.2338, "currentSmoker": 0.0192, "cigsPerDay": 0.0522, "BPMeds": 0.0891, "prevalentStroke": 0.0484, "prevalentHyp": 0.1816, "diabetes": 0.0934, "totChol": 0.0911, "sysBP": 0.2229, "diaBP": 0.1503, "BMI": 0.0819, "heartRate": 0.0205, "glucose": 0.1219}, "features": ["male", "age", "currentSmoker", "cigsPerDay", "BPMeds", "prevalentStroke", "prevalentHyp", "diabetes", "totChol", "sysBP", "diaBP", "BMI", "heartRate", "glucose"], "n_samples": 3656, "report": {"0": {"precision": 0.8641618497109826, "recall": 0.964516129032258, "f1-score": 0.9115853658536586, "support": 620.0}, "1": {"precision": 0.45, "recall": 0.16071428571428573, "f1-score": 0.23684210526315788, "support": 112.0}, "accuracy": 0.8415300546448088, "macro avg": {"precision": 0.6570809248554913, "recall": 0.5626152073732719, "f1-score": 0.5742137355584083, "support": 732.0}, "weighted avg": {"precision": 0.8007928235256956, "recall": 0.8415300546448088, "f1-score": 0.8083459598616693, "support": 732.0}}}